direction,phase,sector,ticker,events,avg_alpha,median_alpha,hit_rate,vol_alpha,consistency_ratio,avg_max_drawdown,alpha_rank,consistency_rank,drawdown_rank,composite_score
Cut,Post-45D,Technology,XLK,5,0.04972663096794487,0.040192249998639795,1.0,0.03342541308154028,1.4876893472232717,-0.09032948836325363,1.0,1.0,3.0,0.9784090909090909
Cut,Post-45D,Health Care,XLV,5,0.02269556690224552,0.015303397163363819,0.8,0.027532981509606248,0.8243047304676047,-0.09730731882315398,2.0,2.0,5.0,0.9181818181818182
Cut,Post-45D,Communication Services,XLC,5,0.015315627695078483,0.013764638366782211,0.6,0.03162458313377207,0.48429500652366986,-0.08434167626112221,3.0,3.0,1.0,0.8227272727272728
Cut,Post-45D,Consumer Discretionary,XLY,5,0.014697985714802807,0.0015485081518296084,0.6,0.059041449373967526,0.24894351122219271,-0.09453683401321833,4.0,4.0,4.0,0.7613636363636364
Cut,Post-45D,Energy,XLE,5,-0.007955757903548943,-0.05488057994713391,0.4,0.09710829319926517,-0.08192665776983449,-0.17408048183122637,5.0,5.0,11.0,0.37840909090909086
Cut,Post-45D,Materials,XLB,5,-0.010370414397863192,-0.022388042717910395,0.2,0.034754714633302805,-0.2983887080438293,-0.11747451558962167,6.0,6.0,6.0,0.2659090909090909
Cut,Post-45D,Consumer Staples,XLP,5,-0.036305997881067587,-0.020607398960270862,0.2,0.05642032448657163,-0.6434914760142619,-0.0879101376446115,7.0,7.0,2.0,0.16590909090909092
Cut,Post-45D,Industrials,XLI,5,-0.04536551221512079,-0.010454496621786769,0.2,0.05014296492654441,-0.9047233700994304,-0.13266076474997704,8.0,10.0,8.0,0.11022727272727273
Cut,Post-45D,Financials,XLF,5,-0.05000074153924696,-0.003311201844590439,0.2,0.06682898224041088,-0.7481894810154982,-0.1285253710443723,9.0,9.0,7.0,0.11022727272727272
Cut,Post-45D,Utilities,XLU,5,-0.05230067295346552,-0.06671112350697372,0.2,0.07258806524380329,-0.7205133898775506,-0.1343756135028617,10.0,8.0,9.0,0.09772727272727272
Cut,Post-45D,Real Estate,XLRE,5,-0.06778770323887066,-0.09017503356618262,0.2,0.06677346638754583,-1.015189219703502,-0.1387966323267144,11.0,11.0,10.0,0.07272727272727272
Cut,Pre-45D,Technology,XLK,5,0.0299297207293149,0.03299008621188215,1.0,0.018128382708101406,1.6509868095370464,-0.11979875399110687,2.0,1.0,6.0,0.9420454545454544
Cut,Pre-45D,Utilities,XLU,5,0.03425795703653452,0.044438573475381604,0.6,0.04508344474166291,0.7598788697899952,-0.09785190805559121,1.0,2.0,3.0,0.8920454545454546
Cut,Pre-45D,Real Estate,XLRE,5,0.021955145224980988,0.04074728364407443,0.6,0.041051174489600425,0.5348238021921377,-0.10777642516326931,3.0,3.0,4.0,0.8409090909090909
Cut,Pre-45D,Consumer Staples,XLP,5,0.019532866066781195,0.0046366499588692545,0.6,0.04975464423327073,0.3925837751990124,-0.07901378984061884,4.0,4.0,1.0,0.8318181818181818
Cut,Pre-45D,Health Care,XLV,5,0.008572050351431404,0.004553645567827447,0.6,0.028022255861640536,0.3059015089204728,-0.09133990764315376,5.0,5.0,2.0,0.7215909090909091
Cut,Pre-45D,Communication Services,XLC,5,-0.0021725777641682154,-0.0015435012100106782,0.4,0.007529267711344212,-0.2885510048865485,-0.11755210296959498,6.0,6.0,5.0,0.4443181818181819
Cut,Pre-45D,Materials,XLB,5,-0.010757417536729364,-0.002988419157207156,0.4,0.027809124886236103,-0.3868304946932602,-0.1262704579513903,7.0,7.0,8.0,0.3034090909090909
Cut,Pre-45D,Industrials,XLI,5,-0.017035151713657014,-0.011493067659191336,0.4,0.028475256015135716,-0.5982440229721608,-0.13135413109454924,8.0,9.0,9.0,0.2693181818181818
Cut,Pre-45D,Financials,XLF,5,-0.025923042706383792,-0.01750402938201523,0.4,0.04684492160791208,-0.5533799997224332,-0.1394295283190488,10.0,8.0,10.0,0.2181818181818182
Cut,Pre-45D,Consumer Discretionary,XLY,5,-0.017173374393861195,-0.018852132780641684,0.2,0.013916078928618684,-1.2340670444563102,-0.12269244611175115,9.0,11.0,7.0,0.16590909090909092
Cut,Pre-45D,Energy,XLE,5,-0.1097773346991278,-0.04407999267942797,0.0,0.1021539156476824,-1.0746267923565234,-0.21394772578515156,11.0,10.0,11.0,0.027272727272727275
Hike,Post-45D,Technology,XLK,13,0.012387629510942598,0.013992894589711646,0.5384615384615384,0.037778604902508645,0.32790066078167995,-0.10017433797660692,2.0,1.0,7.0,0.696590909090909
Hike,Post-45D,Energy,XLE,13,0.014517373364775373,-0.02152425145920578,0.46153846153846156,0.09659877005029228,0.15028528165749092,-0.11782781836045093,1.0,3.0,11.0,0.6204545454545456
Hike,Post-45D,Health Care,XLV,13,-0.002468665160002377,0.01097263088965017,0.5384615384615384,0.05582424338447263,-0.044222097969159935,-0.06430615225764078,5.0,5.0,1.0,0.6000000000000001
Hike,Post-45D,Industrials,XLI,13,0.006043044894252891,-0.0034146362165852207,0.46153846153846156,0.038951777525393895,0.1551416977136214,-0.07931228373249408,3.0,2.0,3.0,0.5909090909090909
Hike,Post-45D,Financials,XLF,13,-0.0036634384387674856,0.00036738661771451575,0.5384615384615384,0.04104364373001981,-0.0892571444890504,-0.08661797858239441,6.0,6.0,5.0,0.5613636363636364
Hike,Post-45D,Communication Services,XLC,13,0.001969105022606943,-0.015451255474229875,0.46153846153846156,0.05168354641091763,0.0380992629056699,-0.10291640076041828,4.0,4.0,8.0,0.5556818181818183
Hike,Post-45D,Consumer Staples,XLP,13,-0.005827710570251981,0.005218124112325029,0.5384615384615384,0.05790457094029296,-0.1006433598525598,-0.06483659597762843,7.0,8.0,2.0,0.5295454545454545
Hike,Post-45D,Utilities,XLU,13,-0.007455906244063688,0.016317057698562287,0.5384615384615384,0.08098775910489348,-0.09206213786464902,-0.0863299050651794,9.0,7.0,4.0,0.5068181818181818
Hike,Post-45D,Consumer Discretionary,XLY,13,-0.010456300027332511,0.001235229195931109,0.5384615384615384,0.06283587450937653,-0.1664065330350769,-0.11132898318124584,10.0,10.0,10.0,0.43522727272727274
Hike,Post-45D,Materials,XLB,13,-0.006556182913465893,-0.011553995088991464,0.38461538461538464,0.05744266449038232,-0.11413438028390206,-0.09336292192982845,8.0,9.0,6.0,0.3920454545454546
Hike,Post-45D,Real Estate,XLRE,13,-0.019613327501648466,-0.03504083811376568,0.3076923076923077,0.04617858158629347,-0.4247278029750054,-0.1033645516415082,11.0,11.0,9.0,0.24318181818181817
Hike,Pre-45D,Consumer Staples,XLP,13,0.015251939407146291,0.02586050883658464,0.6923076923076923,0.046350696963118436,0.3290552333934129,-0.06471049910466693,3.0,2.0,1.0,0.8431818181818181
Hike,Pre-45D,Utilities,XLU,13,0.024306142155335126,0.02277099320302134,0.5384615384615384,0.07321004378751124,0.3320055677863351,-0.08132046673533186,1.0,1.0,3.0,0.8215909090909091
Hike,Pre-45D,Health Care,XLV,13,0.013059436576910931,0.02358837850745321,0.6923076923076923,0.04910373225342651,0.2659560888266213,-0.0721503941777876,4.0,3.0,2.0,0.7965909090909091
Hike,Pre-45D,Industrials,XLI,13,0.008943315670345862,0.012154192552537135,0.6923076923076923,0.036340731861123785,0.246096190481875,-0.09010148706716309,5.0,4.0,4.0,0.7579545454545454
Hike,Pre-45D,Energy,XLE,13,0.020220574312649744,-0.023658157154741177,0.46153846153846156,0.12536899115009953,0.161288482320484,-0.1286976167531477,2.0,5.0,9.0,0.6795454545454546
Hike,Pre-45D,Materials,XLB,13,-0.003874710808518226,0.004047337486941416,0.6153846153846154,0.053191804650423995,-0.07284413142180053,-0.10525591133280567,7.0,8.0,5.0,0.6147727272727272
Hike,Pre-45D,Technology,XLK,13,0.007540921564463612,-0.001646992174283879,0.46153846153846156,0.04734133527498555,0.15928831581664576,-0.11425015853140529,6.0,6.0,8.0,0.5818181818181819
Hike,Pre-45D,Real Estate,XLRE,13,-0.004356180684448028,-0.02976469546589655,0.46153846153846156,0.0622925046494959,-0.06993105685762918,-0.11365844150887226,8.0,7.0,7.0,0.48863636363636365
Hike,Pre-45D,Consumer Discretionary,XLY,13,-0.009958809012557789,-0.009117566309154723,0.46153846153846156,0.05482121951669833,-0.181659749643555,-0.12945006276213533,9.0,9.0,10.0,0.3897727272727273
Hike,Pre-45D,Communication Services,XLC,13,-0.021930701467479465,-0.05643680213566804,0.3076923076923077,0.07502589605982696,-0.2923084244137723,-0.1294968794073289,10.0,10.0,11.0,0.23295454545454547
Hike,Pre-45D,Financials,XLF,13,-0.021932263965717843,-0.009958724972741306,0.3076923076923077,0.05438857334857032,-0.40325131944823045,-0.11294835125030635,11.0,11.0,6.0,0.22272727272727275
